name,count
James,5159306
John,5127501
Robert,4829274
Michael,4359820
Mary,4135851
William,4103456
David,3613916
Joseph,2603475
Richard,2570304
Charles,2391199
Thomas,2306216
Christopher,2023318
Daniel,1903647
Elizabeth,1625783
Matthew,1584209
Patricia,1576343
George,1470933
Jennifer,1470081
Linda,1455566
Barbara,1437865
Anthony,1430880
Donald,1415938
Paul,1390956
Mark,1352418
Edward,1291786
Steven,1282770
Andrew,1280459
Kenneth,1276188
Margaret,1248131
Joshua,1198955
Kevin,1168242
Brian,1166766
Susan,1123687
Dorothy,1110252
Ronald,1081167
Sarah,1073116
Timothy,1070457
Jessica,1047201
Jason,1029550
Helen,1020623
Nancy,1004617
Betty,1002894
Karen,987862
Jeffrey,976183
Lisa,967461
Ryan,939294
Frank,914040
Jacob,908360
Gary,902815
Nicholas,893128
Anna,886614
Eric,876269
Sandra,875880
Stephen,858334
Ashley,856860
Kimberly,837574
Emily,833398
Donna,832802
Jonathan,830826
Ruth,825110
Carol,824715
Michelle,811062
Larry,808467
Laura,796273
Amanda,786031
Raymond,774128
Justin,773697
Scott,773126
Melissa,754486
Brandon,754252
Rebecca,747573
Samuel,742318
Deborah,741667
Stephanie,740794
Sharon,724267
Benjamin,723465
Kathleen,712984
Cynthia,710251
Gregory,708758
Shirley,694583
Amy,690348
Jack,679235
Henry,673082
Patrick,672964
Angela,664456
Catherine,659093
Alexander,652879
Virginia,649782
Emma,635686
Katherine,633985
Jerry,628972
Walter,623037
Dennis,619551
Brenda,608656
Tyler,596630
Pamela,595405
Willie,594538
Frances,593577
Christine,586240
Nicole,586029
Peter,575073
Aaron,572326
Samantha,567504
Rachel,563117
Jose,559977
Douglas,559004
Alice,558174
Janet,557278
Carolyn,556128
Evelyn,554041
Kelly,551962
Harold,551927
Debra,551436
Martha,549973
Adam,546846
Maria,544724
Marie,537875
Nathan,536819
Zachary,529371
Arthur,528956
Heather,525786
Diane,519299
Terry,519085
Joyce,509739
Julie,508759
Carl,505477
Jordan,493787
Albert,489405
Joan,485761
Kyle,484523
Grace,484398
Jean,481414
Rose,481301
Victoria,480474
Christina,476945
Lauren,470273
Ann,469459
Doris,464964
Joe,461713
Lawrence,458316
Julia,454600
Judith,453069
Mildred,452103
Kathryn,451558
Gerald,449330
Roger,440482
Cheryl,440115
Megan,436999
Keith,436118
Andrea,434666
Jeremy,434507
Lillian,434422
Christian,427182
Jesse,426271
Taylor,424498
Harry,422522
Hannah,422497
Sara,422334
Jacqueline,421108
Sean,417953
Olivia,416199
Teresa,414095
Ralph,414066
Gloria,412473
Austin,406983
Janice,406602
Roy,406474
Theresa,404310
Ethan,401350
Alexis,396628
Louis,396473
Billy,387454
Bruce,382946
Judy,382886
Beverly,381384
Eugene,380884
Bryan,379434
Leslie,378414
Madison,373280
Denise,373106
Marilyn,370778
Jane,370379
Amber,370084
Danielle,367275
Dylan,362770
Brittany,358835
Noah,358475
Diana,357504
Russell,353788
Wayne,353330
Irene,352539
Jamie,352099
Annie,350174
Ruby,347486
Shannon,346559
Howard,346369
Abigail,346349
Alan,345292
Fred,344799
Juan,344562
Natalie,342515
Lori,341531
Philip,339290
Tiffany,336784
Charlotte,336563
Florence,336357
Vincent,335331
Gabriel,335026
Kayla,334936
Louise,334513
Lois,334459
Kathy,334167
Shawn,334002
Robin,333559
Tammy,333065
Randy,331873
Crystal,330603
Logan,329721
Bonnie,327613
Phyllis,323213
Bobby,322522
Sophia,321472
Anne,321416
Erin,320896
Angel,315301
Victor,314833
Johnny,314273
Francis,313569
Tracy,311799
Phillip,307915
Martin,306497
Isabella,305840
Clarence,304137
Bradley,303987
Alyssa,302732
Ernest,302455
Josephine,302374
Travis,302208
Stanley,299905
Craig,299382
Dale,298767
Edna,295178
Allison,294781
Peggy,293360
Cameron,293150
Lee,292507
Tina,292195
Leonard,291967
Earl,290633
Dawn,289818
Ella,289555
Jimmy,287755
Cody,286382
Carlos,284884
Danny,283641
Rita,283604
Todd,282301
Wanda,281967
Ethel,280159
Courtney,279547
Paula,278575
Norma,278559
Eleanor,277724
Jessie,276360
Alex,275893
Clara,275176
Audrey,274893
Ellen,273297
Connie,273222
Marjorie,272551
Caleb,270096
Elijah,268945
Luis,268182
Allen,268020
Gladys,267183
Carrie,266782
Isaac,266159
Edith,266082
Joel,265144
Nathaniel,261925
Evan,261502
Wendy,261395
Frederick,261395
Eva,260072
Marion,260026
Mason,260021
Curtis,259834
Elaine,257404
Cindy,256773
Valerie,256478
Esther,254169
Norman,253226
Hazel,253060
Luke,252838
Morgan,252147
Vanessa,251990
Marvin,251653
Tony,250845
Glenn,249560
Monica,248392
Brianna,248210
Rodney,246157
Antonio,244971
Dana,244255
Melvin,244194
Jasmine,243158
Alfred,242668
Melanie,241157
Steve,240937
Chad,240465
Edwin,240404
Adrian,240004
Sylvia,239377
Sheila,238460
April,238028
Katie,235842
Ava,235028
Lynn,233970
Hunter,233620
Theodore,231464
Erica,230633
Sherry,230582
Jeffery,229977
Alexandra,229618
Herbert,228800
Derek,228775
Marcus,228293
Lucas,227257
Pauline,226650
Thelma,226346
Michele,225690
Jesus,225604
Eddie,224687
Alicia,224639
Lucille,222829
Ricky,221962
Caroline,220401
Kristen,219472
Suzanne,219250
Jackson,219052
Ian,217913
Veronica,217356
Leah,216620
Anita,214332
Kim,214312
Troy,212334
Dolores,212260
Jayden,211848
Joanne,211689
Wesley,211171
Geraldine,211011
Gail,210539
Lorraine,209320
Bertha,208517
Rhonda,208507
Jill,208367
Juanita,208007
Ray,207147
Dustin,205682
Mike,204818
Darlene,204474
Vivian,204378
Sally,204087
Mia,203211
Isaiah,200923
Holly,200757
Leroy,199775
Bernard,199741
Jared,199306
Connor,199160
Calvin,198648
Randall,198216
Julian,197889
Oscar,197856
Chloe,196704
Lucy,194237
Leo,194041
June,193966
Beatrice,190735
Jay,190403
Shane,190286
Corey,189342
Brooke,189206
Clifford,188958
Ronnie,188416
Debbie,188060
Charlie,187349
Ida,186758
Eileen,186018
Riley,185809
Aiden,185521
Casey,185354
Renee,185304
Jeremiah,185207
Bernice,185082
Stacy,184698
Manuel,183021
Madeline,181803
Barry,180842
Kristin,180541
Jo,180535
Claire,179853
Blake,178348
Tommy,178249
Regina,177521
Gertrude,177398
Elsie,177254
Warren,175751
Sydney,175393
Loretta,175117
Dean,174701
Rosa,174352
Tara,174122
Liam,174095
Miguel,173247
Roberta,171801
Bessie,170751
Cathy,170409
Owen,169002
Jackie,168850
Gavin,168230
Annette,168156
Laurie,167975
Don,167934
Amelia,167716
Cassandra,167124
Jon,166823
Chris,166542
Devin,165746
Leon,164910
Stella,164841
Jeanette,163330
Jeanne,163258
Lindsey,163171
Colleen,162393
Mitchell,162272
Molly,161830
Kaitlyn,161529
Lloyd,161042
Stacey,161027
Bill,160950
Avery,160875
Lydia,160772
Alma,160605
Jerome,160461
Brett,160338
Seth,159897
Savannah,159761
Shelby,159643
Darrell,159592
Pearl,159520
Minnie,159494
Beth,159376
Alvin,159145
Chelsea,158840
Dominic,158694
Chase,158441
Agnes,158024
Joann,156834
Lillie,156036
Trevor,155840
Yvonne,155838
Rosemary,155573
Haley,155070
Floyd,155057
Micheal,154979
Jim,153615
Vicki,153481
Hailey,153460
Gordon,153391
Naomi,153207
Carmen,152658
Gina,152430
Erik,151497
Lewis,151088
Edgar,150867
Kelsey,150638
Georgia,150340
Johnnie,150233
Nellie,149727
Carla,148497
Vernon,147309
Terri,146735
Landon,146172
Clyde,145734
Max,145597
Sue,144973
Maureen,144280
Destiny,144096
Mario,143970
Carter,143881
Jenna,143686
Arlene,142244
Derrick,142144
Heidi,141918
Marian,141485
Wilma,140464
Oliver,140256
Tom,139747
Nora,139409
Constance,139251
Marc,139209
Brent,139055
Daisy,138964
Ricardo,138376
Vera,138074
Wyatt,138054
Paige,137672
Myrtle,136945
Lily,136600
Lena,136336
Maurice,136333
Herman,136218
Joy,135930
Sabrina,135653
Kristina,135497
Franklin,135415
Melinda,135238
Jimmie,134752
Sebastian,134471
Lindsay,134277
Mabel,133924
Deanna,133713
Marcia,133252
Gene,133136
Charlene,133056
Billie,132794
Violet,132668
Gabrielle,132474
Francisco,132386
Levi,131984
Cory,131674
Mattie,131562
Viola,131382
Faith,131316
Lester,131068
Tamara,130618
Aubrey,130253
Katelyn,130250
Alejandro,130189
Elmer,129824
Cole,129717
Marlene,129438
Gilbert,129311
Garrett,129146
Mackenzie,128841
Cora,128823
Clayton,128724
Jorge,128621
Ivan,127919
Jennie,127028
Patsy,126996
Claudia,126727
Xavier,126532
Glen,126383
Nina,125104
Sam,124704
Erika,123875
Addison,123158
Colin,122954
Andre,122477
Chester,121403
Kaylee,121094
Tonya,120713
Grant,120399
Jake,120381
Harvey,120094
Jeff,120083
Alexa,119123
Marissa,119021
Priscilla,118478
Sadie,118370
Spencer,118293
Sofia,118154
Hayden,118074
Delores,118073
Gwendolyn,117294
Milton,117241
Zoe,117039
Autumn,116905
Isabel,116826
Tanya,116713
Jaime,116590
Angelina,116100
Duane,115763
Bailey,114935
Dakota,114650
Cecil,113651
Maggie,113399
Yolanda,112788
Bryce,112697
Peyton,112660
Maxine,111948
Tristan,111898
Caitlin,111402
Colton,111372
Ruben,111087
Alison,111070
Carole,110889
Reginald,110372
Vickie,110358
Mae,110318
Preston,109819
Miranda,109556
Brayden,109484
Parker,109381
Glenda,109301
Gabriella,109280
Genevieve,109245
Eli,109235
Aidan,109128
Brandy,108293
Sophie,108264
Leona,108052
Roberto,107816
Miriam,107180
Bobbie,106458
Dan,106262
Margie,106230
Sidney,106102
Dora,105713
Mariah,105660
Kylie,104951
Marsha,104289
Carson,104173
Arnold,103400
Lance,103188
Jocelyn,102657
Neil,102097
Kay,102033
Brandi,101800
Joanna,101758
Eduardo,101737
Darren,101689
Whitney,101089
Hector,100924
Diego,100902
Karl,100675
Toni,100639
Katrina,100506
Lonnie,100478
Everett,100062
Christy,100024
Makayla,99481
Ana,99447
Hattie,98985
Kara,98339
Kerry,98042
Penny,97533
Micah,97354
Roland,96936
Clinton,96889
Bethany,96690
Alexandria,96417
Sierra,95494
Dianne,95289
Natasha,95248
Javier,95111
Tracey,94999
Fernando,94808
Meghan,94505
Kendra,94324
Allan,94145
Omar,94010
Josiah,93770
Ada,93741
Brooklyn,93595
Marguerite,93417
Cecilia,93370
Bob,93212
Ariana,92554
Darryl,92429
Briana,92317
Melody,92293
Johnathan,92069
Claude,91915
Tanner,91438
Jenny,91069
Felicia,91046
Marshall,90596
Kendall,90200
Guy,89915
Devon,89590
Guadalupe,89177
Brendan,89018
Bridget,89010
Angelica,89010
Nolan,88947
Andy,88576
Harriet,88352
Karla,88025
Geneva,87737
Maya,87707
Pedro,87689
Blanche,87575
Maxwell,87340
Brady,87260
Isabelle,87187
Velma,87044
Adriana,86849
Jody,86833
Hope,86815
Becky,86680
Abraham,86507
Shelly,86360
Lola,85977
Kurt,85355
Fannie,85230
Susie,85135
Arianna,84939
Misty,84588
Lula,84572
Candace,84542
Jacquelyn,84268
Jaden,84264
Kristine,84018
Raul,83928
Sherri,83739
Nicolas,83685
Madelyn,83683
Ashton,83521
Jade,83403
Tim,83172
Ariel,83011
Brad,82999
Ben,82843
Freddie,82765
Rachael,82040
Brittney,82020
Desiree,81710
Wallace,81677
Rick,81541
Hugh,81335
Ross,80983
Breanna,80872
Jillian,80802
Andres,80784
Hilda,80748
Eunice,80539
Jodi,80211
Drew,80200
Damian,79944
Dalton,79881
Byron,79770
Rosie,79549
Aaliyah,79456
Sheryl,78854
Sandy,78809
Tyrone,78754
Kate,78733
Monique,78671
Iris,78318
Dwight,78271
Antoinette,78226
Willard,78124
Cooper,78026
Mamie,77992
Lynda,77843
Greg,77671
Perry,77517
Gabriela,77443
Angelo,77190
Nelson,76875
Meredith,76824
Trinity,76774
Julius,76677
Rafael,76603
Kristi,76483
Jan,76297
Dwayne,75641
Collin,75225
Summer,75169
Ramon,75036
Ted,75022
Kelli,74944
Mathew,74673
Janie,74637
Layla,74584
Miles,74582
Sergio,74566
Skylar,74329
Shelley,74231
Krystal,74176
Irma,73458
Krista,73345
Beulah,73296
Frankie,73223
Nevaeh,72975
Kaleb,72872
Rebekah,72691
Virgil,72548
Payton,72541
Shaun,72158
Dominique,72077
Armando,71877
Belinda,71858
Gracie,71654
Terrence,71429
Bianca,71327
Zoey,71322
Emmanuel,71097
Cesar,70723
Elias,70719
Dallas,70705
Alberta,70679
Morris,70613
Rene,70585
Harrison,70535
Kristy,70401
Elena,70196
Rosalie,69911
Clifton,69797
Erick,69637
Opal,69494
Kennedy,69407
Verna,69279
Jeannette,69082
Marco,69072
Terrance,69069
Cheyenne,68919
Stuart,68695
Kent,68396
Inez,68288
Faye,68209
Ramona,68006
Wade,67995
Flora,67868
Candice,67703
Kirk,67691
Felix,67511
Della,67389
Ayden,67331
Donnie,67232
Pat,66856
Adrienne,66808
Daryl,66613
Luther,66356
Gayle,66251
Grayson,65876
Camille,65841
Sonia,65139
Harper,65060
Sonya,64962
Marianne,64743
Jonathon,64510
Giovanni,63958
Dave,63882
Lila,63702
Fredrick,63689
Marcella,63662
Brody,63637
Jaxon,63479
Jada,63407
Nichole,63391
Yvette,63139
Valeria,63058
Damon,62861
Elise,62756
Robyn,62704
Patty,62672
Carly,62517
Dillon,62328
Lynne,62327
Lorenzo,62085
Maryann,62057
Angie,61985
Bennie,61953
Rickey,61838
Dominick,61620
Olga,61564
Cristian,61517
Genesis,61406
Kristopher,61215
Homer,61007
Roman,60896
Jonah,60854
Natalia,60565
Malcolm,60562
Sheri,60507
Gianna,60477
Skyler,59849
Alberto,59810
Harley,59569
Julio,59547
Kari,59184
Myra,59162
Noel,59064
Israel,59046
Leonardo,58985
Earnest,58868
Ira,58670
Jace,58531
Otis,58461
Lyle,58238
Kaden,58058
Loren,58046
Caden,58003
Roxanne,57884
Gerard,57778
Tabitha,57697
Karina,57648
Mckenzie,57486
Joey,57481
Hubert,57471
Simon,57446
Cassidy,57385
Rex,57193
Abby,57050
Kaitlin,57016
Daniela,56999
Wilbur,56904
Ollie,56830
Enrique,56366
Celeste,56093
Laverne,56062
Gage,55839
Josie,55835
Callie,55802
Camila,55713
Dianna,55586
Cecelia,55485
Muriel,55404
Ellie,55311
Salvatore,55154
Alisha,55067
Quinn,55026
Erma,54982
Annabelle,54961
Trenton,54882
Donovan,54687
Damien,54477
Mallory,54472
Jordyn,54439
Bryson,54418
Neal,54364
Juliana,54204
Horace,54171
Geoffrey,54082
Alana,53992
Alfredo,53956
Lilly,53716
Celia,53687
Vicky,53599
Wendell,53597
Colby,53559
Bernadette,53366
Rudolph,53343
Olive,53338
Aimee,53237
Gretchen,53231
Arturo,53079
Estelle,53030
Mable,52995
Janelle,52806
Santiago,52787
Kirsten,52779
Bella,52775
Reagan,52662
Willis,52642
Penelope,52476
Leland,52369
Traci,52326
Nadine,52103
Kelley,52064
Lora,52009
Alec,51858
Mikayla,51835
Conner,51688
Lacey,51605
Mya,51595
Tommie,51437
Caitlyn,51350
Archie,51343
Adeline,51284
Scarlett,51282
Cara,51202
Cristina,51135
Kellie,50879
Kenny,50788
Gerardo,50747
Henrietta,50717
Edmund,50619
Johanna,50459
Rosemarie,50386
Darius,50272
Serenity,50220
Rylee,50200
Lana,50182
Allyson,50134
Liliana,50068
Sallie,49889
Allie,49700
Trent,49668
Eliza,49666
Alejandra,49541
Kelvin,49517
Eloise,49464
Nick,49365
Hudson,49363
Nettie,49362
